[{"model": "admin.logentry", "pk": 1, "fields": {"action_time": "2022-08-06T19:52:54.872Z", "user": 1, "content_type": 7, "object_id": "1", "object_repr": "cryptohardwarewallet.example.com", "action_flag": 2, "change_message": "[{\"changed\": {\"fields\": [\"Domain name\"]}}]"}}, {"model": "admin.logentry", "pk": 2, "fields": {"action_time": "2022-08-06T19:54:21.432Z", "user": 1, "content_type": 7, "object_id": "1", "object_repr": "cryptohardwarewallet.example.com", "action_flag": 2, "change_message": "[{\"changed\": {\"fields\": [\"Display name\"]}}]"}}, {"model": "admin.logentry", "pk": 3, "fields": {"action_time": "2022-08-06T20:30:28.424Z", "user": 1, "content_type": 8, "object_id": "1", "object_repr": "hardwarewalletcrypto@gmail.com", "action_flag": 2, "change_message": "[{\"changed\": {\"fields\": [\"Verified\", \"Primary\"]}}]"}}, {"model": "admin.logentry", "pk": 4, "fields": {"action_time": "2022-08-14T17:59:30.317Z", "user": 1, "content_type": 13, "object_id": "1", "object_repr": "Wallets", "action_flag": 1, "change_message": "[{\"added\": {}}]"}}, {"model": "admin.logentry", "pk": 5, "fields": {"action_time": "2022-08-14T18:02:32.210Z", "user": 1, "content_type": 14, "object_id": "1", "object_repr": "Ledger Nano S", "action_flag": 1, "change_message": "[{\"added\": {}}]"}}, {"model": "admin.logentry", "pk": 6, "fields": {"action_time": "2022-08-14T18:07:26.639Z", "user": 1, "content_type": 14, "object_id": "2", "object_repr": "Nano Ledger X", "action_flag": 1, "change_message": "[{\"added\": {}}]"}}, {"model": "admin.logentry", "pk": 7, "fields": {"action_time": "2022-08-14T18:07:37.914Z", "user": 1, "content_type": 14, "object_id": "2", "object_repr": "Nano Ledger X", "action_flag": 2, "change_message": "[]"}}, {"model": "admin.logentry", "pk": 8, "fields": {"action_time": "2022-08-14T18:10:52.971Z", "user": 1, "content_type": 14, "object_id": "3", "object_repr": "OTG Kit", "action_flag": 1, "change_message": "[{\"added\": {}}]"}}, {"model": "admin.logentry", "pk": 9, "fields": {"action_time": "2022-08-14T18:14:14.202Z", "user": 1, "content_type": 14, "object_id": "4", "object_repr": "Trezor Model T", "action_flag": 1, "change_message": "[{\"added\": {}}]"}}, {"model": "admin.logentry", "pk": 10, "fields": {"action_time": "2022-08-14T18:16:17.720Z", "user": 1, "content_type": 14, "object_id": "5", "object_repr": "Trezor One Model", "action_flag": 1, "change_message": "[{\"added\": {}}]"}}, {"model": "admin.logentry", "pk": 11, "fields": {"action_time": "2022-08-14T18:19:20.562Z", "user": 1, "content_type": 14, "object_id": "6", "object_repr": "Cryptosteel Capsule Solo", "action_flag": 1, "change_message": "[{\"added\": {}}]"}}, {"model": "admin.logentry", "pk": 12, "fields": {"action_time": "2022-08-14T18:20:39.908Z", "user": 1, "content_type": 14, "object_id": "7", "object_repr": "The Billfodl", "action_flag": 1, "change_message": "[{\"added\": {}}]"}}, {"model": "admin.logentry", "pk": 13, "fields": {"action_time": "2022-08-14T18:22:48.492Z", "user": 1, "content_type": 14, "object_id": "8", "object_repr": "Extended USB-C Cable For Trezor Model T", "action_flag": 1, "change_message": "[{\"added\": {}}]"}}, {"model": "admin.logentry", "pk": 14, "fields": {"action_time": "2022-08-14T18:46:33.719Z", "user": 1, "content_type": 14, "object_id": "9", "object_repr": "Cryptotag Zeus", "action_flag": 1, "change_message": "[{\"added\": {}}]"}}, {"model": "admin.logentry", "pk": 15, "fields": {"action_time": "2022-08-14T19:20:22.341Z", "user": 1, "content_type": 14, "object_id": "10", "object_repr": "Family Pack X", "action_flag": 1, "change_message": "[{\"added\": {}}]"}}, {"model": "admin.logentry", "pk": 16, "fields": {"action_time": "2022-08-20T10:22:08.495Z", "user": 1, "content_type": 13, "object_id": "2", "object_repr": "Accessories", "action_flag": 1, "change_message": "[{\"added\": {}}]"}}, {"model": "admin.logentry", "pk": 17, "fields": {"action_time": "2022-08-20T10:23:11.141Z", "user": 1, "content_type": 13, "object_id": "3", "object_repr": "Storage", "action_flag": 1, "change_message": "[{\"added\": {}}]"}}, {"model": "admin.logentry", "pk": 18, "fields": {"action_time": "2022-08-20T10:23:43.029Z", "user": 1, "content_type": 14, "object_id": "9", "object_repr": "Cryptotag Zeus", "action_flag": 2, "change_message": "[{\"changed\": {\"fields\": [\"Category\"]}}]"}}, {"model": "admin.logentry", "pk": 19, "fields": {"action_time": "2022-08-20T10:23:58.661Z", "user": 1, "content_type": 14, "object_id": "8", "object_repr": "Extended USB-C Cable For Trezor Model T", "action_flag": 2, "change_message": "[{\"changed\": {\"fields\": [\"Category\"]}}]"}}, {"model": "admin.logentry", "pk": 20, "fields": {"action_time": "2022-08-20T10:24:15.708Z", "user": 1, "content_type": 14, "object_id": "6", "object_repr": "Cryptosteel Capsule Solo", "action_flag": 2, "change_message": "[{\"changed\": {\"fields\": [\"Category\"]}}]"}}, {"model": "admin.logentry", "pk": 21, "fields": {"action_time": "2022-08-20T10:24:28.488Z", "user": 1, "content_type": 14, "object_id": "3", "object_repr": "OTG Kit", "action_flag": 2, "change_message": "[{\"changed\": {\"fields\": [\"Category\"]}}]"}}, {"model": "admin.logentry", "pk": 22, "fields": {"action_time": "2022-08-20T10:24:58.643Z", "user": 1, "content_type": 14, "object_id": "7", "object_repr": "The Billfodl", "action_flag": 2, "change_message": "[{\"changed\": {\"fields\": [\"Category\"]}}]"}}, {"model": "admin.logentry", "pk": 23, "fields": {"action_time": "2022-08-21T08:58:57.504Z", "user": 1, "content_type": 13, "object_id": "3", "object_repr": "storage", "action_flag": 2, "change_message": "[{\"changed\": {\"fields\": [\"Name\"]}}]"}}, {"model": "admin.logentry", "pk": 24, "fields": {"action_time": "2022-08-21T08:59:05.493Z", "user": 1, "content_type": 13, "object_id": "2", "object_repr": "accessories", "action_flag": 2, "change_message": "[{\"changed\": {\"fields\": [\"Name\"]}}]"}}, {"model": "admin.logentry", "pk": 25, "fields": {"action_time": "2022-08-21T08:59:15.643Z", "user": 1, "content_type": 13, "object_id": "1", "object_repr": "wallets", "action_flag": 2, "change_message": "[{\"changed\": {\"fields\": [\"Name\"]}}]"}}, {"model": "admin.logentry", "pk": 26, "fields": {"action_time": "2022-08-29T10:46:41.685Z", "user": 1, "content_type": 14, "object_id": "10", "object_repr": "Family Pack X", "action_flag": 2, "change_message": "[{\"changed\": {\"fields\": [\"Rating\"]}}]"}}, {"model": "admin.logentry", "pk": 27, "fields": {"action_time": "2022-08-29T10:47:17.423Z", "user": 1, "content_type": 14, "object_id": "9", "object_repr": "Cryptotag Zeus", "action_flag": 2, "change_message": "[{\"changed\": {\"fields\": [\"Rating\"]}}]"}}, {"model": "admin.logentry", "pk": 28, "fields": {"action_time": "2022-08-29T10:47:27.772Z", "user": 1, "content_type": 14, "object_id": "8", "object_repr": "Extended USB-C Cable For Trezor Model T", "action_flag": 2, "change_message": "[{\"changed\": {\"fields\": [\"Rating\"]}}]"}}, {"model": "admin.logentry", "pk": 29, "fields": {"action_time": "2022-08-29T10:47:37.721Z", "user": 1, "content_type": 14, "object_id": "7", "object_repr": "The Billfodl", "action_flag": 2, "change_message": "[{\"changed\": {\"fields\": [\"Rating\"]}}]"}}, {"model": "admin.logentry", "pk": 30, "fields": {"action_time": "2022-08-29T10:47:49.092Z", "user": 1, "content_type": 14, "object_id": "6", "object_repr": "Cryptosteel Capsule Solo", "action_flag": 2, "change_message": "[{\"changed\": {\"fields\": [\"Rating\"]}}]"}}, {"model": "admin.logentry", "pk": 31, "fields": {"action_time": "2022-08-29T10:48:02.727Z", "user": 1, "content_type": 14, "object_id": "5", "object_repr": "Trezor One Model", "action_flag": 2, "change_message": "[{\"changed\": {\"fields\": [\"Rating\"]}}]"}}, {"model": "admin.logentry", "pk": 32, "fields": {"action_time": "2022-08-29T10:48:12.043Z", "user": 1, "content_type": 14, "object_id": "3", "object_repr": "OTG Kit", "action_flag": 2, "change_message": "[{\"changed\": {\"fields\": [\"Rating\"]}}]"}}, {"model": "admin.logentry", "pk": 33, "fields": {"action_time": "2022-08-29T10:48:20.581Z", "user": 1, "content_type": 14, "object_id": "2", "object_repr": "Nano Ledger X", "action_flag": 2, "change_message": "[{\"changed\": {\"fields\": [\"Rating\"]}}]"}}, {"model": "admin.logentry", "pk": 34, "fields": {"action_time": "2022-08-29T10:48:28.351Z", "user": 1, "content_type": 14, "object_id": "1", "object_repr": "Ledger Nano S", "action_flag": 2, "change_message": "[{\"changed\": {\"fields\": [\"Rating\"]}}]"}}, {"model": "admin.logentry", "pk": 35, "fields": {"action_time": "2022-08-29T10:49:02.373Z", "user": 1, "content_type": 14, "object_id": "4", "object_repr": "Trezor Model T", "action_flag": 2, "change_message": "[{\"changed\": {\"fields\": [\"Rating\"]}}]"}}, {"model": "admin.logentry", "pk": 36, "fields": {"action_time": "2022-08-29T15:39:18.801Z", "user": 1, "content_type": 14, "object_id": "2", "object_repr": "Nano Ledger X", "action_flag": 2, "change_message": "[{\"changed\": {\"fields\": [\"Has sizes\"]}}]"}}, {"model": "admin.logentry", "pk": 37, "fields": {"action_time": "2022-08-29T15:39:27.739Z", "user": 1, "content_type": 14, "object_id": "2", "object_repr": "Nano Ledger X", "action_flag": 2, "change_message": "[]"}}, {"model": "admin.logentry", "pk": 38, "fields": {"action_time": "2022-08-29T15:39:37.170Z", "user": 1, "content_type": 14, "object_id": "1", "object_repr": "Ledger Nano S", "action_flag": 2, "change_message": "[{\"changed\": {\"fields\": [\"Has sizes\"]}}]"}}, {"model": "admin.logentry", "pk": 39, "fields": {"action_time": "2022-09-19T18:06:44.699Z", "user": 1, "content_type": 13, "object_id": "4", "object_repr": "t-shirts", "action_flag": 1, "change_message": "[{\"added\": {}}]"}}, {"model": "admin.logentry", "pk": 40, "fields": {"action_time": "2022-09-19T18:11:14.712Z", "user": 1, "content_type": 4, "object_id": "2", "object_repr": "GeordieTrader", "action_flag": 3, "change_message": ""}}, {"model": "admin.logentry", "pk": 41, "fields": {"action_time": "2022-09-19T18:15:44.409Z", "user": 1, "content_type": 14, "object_id": "11", "object_repr": "Ledger  Classic T-shirt", "action_flag": 1, "change_message": "[{\"added\": {}}]"}}, {"model": "admin.logentry", "pk": 42, "fields": {"action_time": "2022-09-19T18:54:28.600Z", "user": 1, "content_type": 14, "object_id": "12", "object_repr": "Ledger  Classic T-shirt", "action_flag": 1, "change_message": "[{\"added\": {}}]"}}, {"model": "admin.logentry", "pk": 43, "fields": {"action_time": "2022-09-19T19:00:54.658Z", "user": 1, "content_type": 14, "object_id": "12", "object_repr": "Classic T-shirt", "action_flag": 2, "change_message": "[{\"changed\": {\"fields\": [\"Name\"]}}]"}}, {"model": "admin.logentry", "pk": 44, "fields": {"action_time": "2022-09-19T19:02:27.652Z", "user": 1, "content_type": 14, "object_id": "12", "object_repr": "Classic T-shirt", "action_flag": 2, "change_message": "[]"}}, {"model": "admin.logentry", "pk": 45, "fields": {"action_time": "2022-09-19T19:04:51.689Z", "user": 1, "content_type": 14, "object_id": "12", "object_repr": "Classic", "action_flag": 2, "change_message": "[{\"changed\": {\"fields\": [\"Name\"]}}]"}}, {"model": "admin.logentry", "pk": 46, "fields": {"action_time": "2022-09-19T19:07:34.731Z", "user": 1, "content_type": 14, "object_id": "12", "object_repr": "Classic", "action_flag": 3, "change_message": ""}}, {"model": "admin.logentry", "pk": 47, "fields": {"action_time": "2022-09-19T19:10:06.651Z", "user": 1, "content_type": 14, "object_id": "11", "object_repr": "Ledger  Classic T-shirt", "action_flag": 3, "change_message": ""}}, {"model": "admin.logentry", "pk": 48, "fields": {"action_time": "2022-09-19T19:18:01.855Z", "user": 1, "content_type": 14, "object_id": "13", "object_repr": "Factor", "action_flag": 1, "change_message": "[{\"added\": {}}]"}}, {"model": "admin.logentry", "pk": 49, "fields": {"action_time": "2022-09-19T19:21:16.666Z", "user": 1, "content_type": 14, "object_id": "14", "object_repr": "Ledger  Classic T-shirt", "action_flag": 1, "change_message": "[{\"added\": {}}]"}}, {"model": "admin.logentry", "pk": 50, "fields": {"action_time": "2022-09-19T19:24:15.466Z", "user": 1, "content_type": 14, "object_id": "15", "object_repr": "Wallet T-Shirt", "action_flag": 1, "change_message": "[{\"added\": {}}]"}}, {"model": "admin.logentry", "pk": 51, "fields": {"action_time": "2022-09-19T19:27:17.398Z", "user": 1, "content_type": 14, "object_id": "16", "object_repr": "Digital Wallet T-Shirt", "action_flag": 1, "change_message": "[{\"added\": {}}]"}}, {"model": "admin.logentry", "pk": 52, "fields": {"action_time": "2022-09-19T19:28:12.830Z", "user": 1, "content_type": 14, "object_id": "14", "object_repr": "XRP Classic T-shirt", "action_flag": 2, "change_message": "[{\"changed\": {\"fields\": [\"Name\"]}}]"}}, {"model": "admin.logentry", "pk": 53, "fields": {"action_time": "2022-09-19T19:28:42.155Z", "user": 1, "content_type": 14, "object_id": "10", "object_repr": "Family Pack X", "action_flag": 2, "change_message": "[{\"changed\": {\"fields\": [\"Has sizes\"]}}]"}}, {"model": "admin.logentry", "pk": 54, "fields": {"action_time": "2022-09-19T19:28:49.553Z", "user": 1, "content_type": 14, "object_id": "9", "object_repr": "Cryptotag Zeus", "action_flag": 2, "change_message": "[]"}}, {"model": "admin.logentry", "pk": 55, "fields": {"action_time": "2022-09-19T19:28:59.028Z", "user": 1, "content_type": 14, "object_id": "8", "object_repr": "Extended USB-C Cable For Trezor Model T", "action_flag": 2, "change_message": "[{\"changed\": {\"fields\": [\"Has sizes\"]}}]"}}, {"model": "admin.logentry", "pk": 56, "fields": {"action_time": "2022-09-19T19:29:06.513Z", "user": 1, "content_type": 14, "object_id": "7", "object_repr": "The Billfodl", "action_flag": 2, "change_message": "[]"}}, {"model": "admin.logentry", "pk": 57, "fields": {"action_time": "2022-09-19T19:29:15.183Z", "user": 1, "content_type": 14, "object_id": "6", "object_repr": "Cryptosteel Capsule Solo", "action_flag": 2, "change_message": "[{\"changed\": {\"fields\": [\"Has sizes\"]}}]"}}, {"model": "admin.logentry", "pk": 58, "fields": {"action_time": "2022-09-19T19:29:24.959Z", "user": 1, "content_type": 14, "object_id": "5", "object_repr": "Trezor One Model", "action_flag": 2, "change_message": "[{\"changed\": {\"fields\": [\"Has sizes\"]}}]"}}, {"model": "admin.logentry", "pk": 59, "fields": {"action_time": "2022-09-19T19:29:36.234Z", "user": 1, "content_type": 14, "object_id": "4", "object_repr": "Trezor Model T", "action_flag": 2, "change_message": "[{\"changed\": {\"fields\": [\"Has sizes\"]}}]"}}, {"model": "admin.logentry", "pk": 60, "fields": {"action_time": "2022-09-19T19:29:46.936Z", "user": 1, "content_type": 14, "object_id": "3", "object_repr": "OTG Kit", "action_flag": 2, "change_message": "[{\"changed\": {\"fields\": [\"Has sizes\"]}}]"}}, {"model": "admin.logentry", "pk": 61, "fields": {"action_time": "2022-09-19T19:29:54.613Z", "user": 1, "content_type": 14, "object_id": "2", "object_repr": "Nano Ledger X", "action_flag": 2, "change_message": "[]"}}, {"model": "admin.logentry", "pk": 62, "fields": {"action_time": "2022-09-19T19:30:00.266Z", "user": 1, "content_type": 14, "object_id": "1", "object_repr": "Ledger Nano S", "action_flag": 2, "change_message": "[]"}}, {"model": "admin.logentry", "pk": 63, "fields": {"action_time": "2022-09-19T19:31:08.269Z", "user": 1, "content_type": 14, "object_id": "13", "object_repr": "X-Factor", "action_flag": 2, "change_message": "[{\"changed\": {\"fields\": [\"Name\"]}}]"}}, {"model": "admin.logentry", "pk": 64, "fields": {"action_time": "2022-09-19T19:35:19.021Z", "user": 1, "content_type": 14, "object_id": "8", "object_repr": "Extended USB-C Cable For Trezor Model T", "action_flag": 2, "change_message": "[]"}}, {"model": "admin.logentry", "pk": 65, "fields": {"action_time": "2022-09-19T19:35:45.061Z", "user": 1, "content_type": 14, "object_id": "3", "object_repr": "OTG Kit", "action_flag": 2, "change_message": "[{\"changed\": {\"fields\": [\"Description\"]}}]"}}, {"model": "admin.logentry", "pk": 66, "fields": {"action_time": "2022-09-19T19:36:48.687Z", "user": 1, "content_type": 13, "object_id": "2", "object_repr": "accessories", "action_flag": 2, "change_message": "[]"}}, {"model": "admin.logentry", "pk": 67, "fields": {"action_time": "2022-09-19T19:37:36.693Z", "user": 1, "content_type": 14, "object_id": "6", "object_repr": "Cryptosteel Capsule Solo", "action_flag": 2, "change_message": "[{\"changed\": {\"fields\": [\"Category\"]}}]"}}, {"model": "auth.user", "pk": 1, "fields": {"password": "pbkdf2_sha256$260000$3OiKvbLaxnUD7oOtPPkNyf$CQo1tW/9LGSGY5w4+Kf4ST/Kf0nFELfr8hwf18wcCpc=", "last_login": "2022-09-18T10:42:52.227Z", "is_superuser": true, "username": "cryptohardwarewallet", "first_name": "", "last_name": "", "email": "hardwarewalletcrypto@gmail.com", "is_staff": true, "is_active": true, "date_joined": "2022-08-06T19:12:41.208Z", "groups": [], "user_permissions": []}}, {"model": "auth.user", "pk": 3, "fields": {"password": "pbkdf2_sha256$260000$NbnP3AI0xdh2InMsjHwTOM$GxSse/GdyH1xl01KKTtarZ/WZ6pg2oP612jJtSpMPkY=", "last_login": null, "is_superuser": false, "username": "Sally", "first_name": "", "last_name": "", "email": "jonathanvinson5@gmail.com", "is_staff": false, "is_active": true, "date_joined": "2022-09-23T07:06:52.350Z", "groups": [], "user_permissions": []}}, {"model": "sessions.session", "pk": "22204ltofztsvbn0s1q0fq2kmi049bah", "fields": {"session_data": "eyJiYWciOnsiMiI6Mn19:1oSknV:_Qe-FtQ9DlFZGWk0jjrYpF4_7wm8hozADa5Mc-xw2As", "expire_date": "2022-09-12T19:51:49.704Z"}}, {"model": "sessions.session", "pk": "30eije6n142d73n0me4gu8er0xygugra", "fields": {"session_data": "eyJiYWciOnt9fQ:1oT7ns:CTBZ7Ith8cXecQRVkHqANZCtjnBiZOotvdI5gqir750", "expire_date": "2022-09-13T20:25:44.645Z"}}, {"model": "sessions.session", "pk": "3x0rmjr07oqq61bwlmgve5ki48ts8a5c", "fields": {"session_data": ".eJyrVkpKTFeyqlYyUrIy1FEyBJMWIIHMktTc4vikyvjizKpUkEAxUK62FqjGAKt0Lli6thYA2fAZeQ:1oSh5O:Zof8-HUDJf76RjbHt_911khnHPgH67WO_MVXzba8x7Q", "expire_date": "2022-09-12T15:54:02.769Z"}}, {"model": "sessions.session", "pk": "6b1xmc6e4ngtf70anavs4t0ii6t30xxi", "fields": {"session_data": "eyJiYWciOnt9fQ:1oVeUW:6OEydUUychqhItfJaMFuBysXzkuLdQ-_iaem6X6WO6M", "expire_date": "2022-09-20T19:44:12.131Z"}}, {"model": "sessions.session", "pk": "8l629bap9ul4b726iglkts71cnr7mzfo", "fields": {"session_data": ".eJxVjMsOwiAQRf-FtSFCeRSX7vsNZIYZpGogKe3K-O_apAvd3nPOfYkI21ri1nmJM4mLUOL0uyGkB9cd0B3qrcnU6rrMKHdFHrTLqRE_r4f7d1Cgl2_NyVIANA71EEgFi5yzyugMgKHkMzkeRmVsMiq78Zy0Y_TGe3beapvF-wMODjh2:1oPLZX:0G6u-2QkxMlS_YXyKZlbSUUYEOouqHEOEyyTKlmnVHk", "expire_date": "2022-09-03T10:19:19.405Z"}}, {"model": "sessions.session", "pk": "dtr5gk5abfp5vku0tbbinjnnx4yv7lyd", "fields": {"session_data": "eyJhY2NvdW50X3ZlcmlmaWVkX2VtYWlsIjpudWxsLCJhY2NvdW50X3VzZXIiOiIyIn0:1oZriq:hqOpQi41MO_Wa4B-byEmrFaeDuh-EQ4kfrJ66V7n1HA", "expire_date": "2022-10-02T10:40:24.698Z"}}, {"model": "sessions.session", "pk": "fijmgwos1x22f0qg7dpvjzy7carft1fz", "fields": {"session_data": ".eJxVjMsOgjAQRf-la9NQ6ANYuvcbmpnOVKqmNRQSjfHflYSFbu8597yEh3WZ_Fp59onEKJQ4_G4I4cp5A3SBfC4ylLzMCeWmyJ1WeSrEt-Pu_gUmqNP3zcHQAKgttt1AajDIMaqIVgNoCi6S5a5X2gStou2b0FpGp51j60xr4hatXGsq2fPjnuanGJv3B8GNP7M:1oKQTI:bg-xNtozdoeA6mK7dIKaJTpVPBbDbE739VTvxGMS4Nc", "expire_date": "2022-08-20T20:32:32.489Z"}}, {"model": "sessions.session", "pk": "fqc5odpq4jli6dmttj46klu1nyxwzecd", "fields": {"session_data": "e30:1oZrjd:ij5DPW2RZQiS5UDG0-0A8epGPdJZw45IGq_s830V6jI", "expire_date": "2022-10-02T10:41:13.498Z"}}, {"model": "sessions.session", "pk": "jmt6aygpj68rb5o7weoxa0211zhxfffm", "fields": {"session_data": ".eJx9zE0OgyAQBeC7sDamID_isvuegTAwKG3VRHTRGu9eSNy46WYmee-b2QnYnnQ7YWXEFcdk4GNS_GIJRtLR46iIzrsi9I_JyNhtHcyWcDHRky7zSwbWvXAqhX_aqZ9rN0_rEqEupD7bVD9mj-_7aS8PBpuGfI1OeG2BS2CN9lQLwBBoAMmt5d6p4CU2LeXCcRpke3NMIiiuFEolmAjk-AEhhU_h:1oSgqf:XS3g442MdOuNDhKkoIDiGlOwCPtCI45Ge0cXnEoVw8Y", "expire_date": "2022-09-12T15:38:49.141Z"}}, {"model": "sessions.session", "pk": "qwqbe0tso09nkupim6shlzega6nn7zhe", "fields": {"session_data": "eyJiYWciOnsiMiI6MX19:1oSkeH:LAYobx7vxskuC7sn7TYkGpOA8_N4lx45d9PbBXfo4Z8", "expire_date": "2022-09-12T19:42:17.827Z"}}, {"model": "sessions.session", "pk": "vrk2pgmo2bx76une4rv9x6bvt7rpnxb4", "fields": {"session_data": ".eJxVjMsOwiAQRf-FdUNKy6Pt0r3fQAaYsagBA63RGP9dm3Sh23vOPS9mYV1mu1YsNgY2McGa382Bv2DaQDhDOmXuc1pKdHxT-E4rP-aA18Pu_gVmqPP3jV6FEZzUruvHIEblkEiQ0xJABm8oaOwHIZWXgvTQ-k6jM9IY1EZ1irZoxVpjThYft1iebGobVuGONibKbFrKiu8PLwxF1w:1oaMaG:61BK2lCP0AuyTChLgbbuUV5MwS_JY-HYafqJnjmuwXo", "expire_date": "2022-10-03T19:37:36.839Z"}}, {"model": "sessions.session", "pk": "wluy1cgeor8muff5j8odycn7x1lnfauo", "fields": {"session_data": "e30:1oZrZc:4k_hE6TkG0nrBCZFHY4PuAQnYOQsVCKnd7xU7CtCOA8", "expire_date": "2022-10-02T10:30:52.949Z"}}, {"model": "sessions.session", "pk": "ypezkvulhqbyhwn8p940imvt1i0dgh3p", "fields": {"session_data": ".eJw9yTEKgDAMBdC7_LmD4JbLhKipBGorjRWl9O5uvvV1yLqWli--tVo03VgPsQTKLaXwb3OtIMwIYFd3K5n1Oa2-oCnA5Va2HAsoSnINWGQH9TE-0yci1w:1oc2sj:P6cONXUEZSYJkB4AMAn46ZIQai2i4t0qIEhDGL5iWEQ", "expire_date": "2022-10-08T10:59:37.700Z"}}, {"model": "sessions.session", "pk": "ysqyawhfnq1cb70pebmtsx8flb5xkrfw", "fields": {"session_data": ".eJxVjMsOwiAQRf-FtSFCeRSX7vsNZIYZpGogKe3K-O_apAvd3nPOfYkI21ri1nmJM4mLUOL0uyGkB9cd0B3qrcnU6rrMKHdFHrTLqRE_r4f7d1Cgl2_NyVIANA71EEgFi5yzyugMgKHkMzkeRmVsMiq78Zy0Y_TGe3beapvF-wMODjh2:1oLrno:ZYeyKzFGm-nlhMvyrCayXFAmEWdjsToF-ddrGllwyvk", "expire_date": "2022-08-24T19:55:40.337Z"}}, {"model": "sites.site", "pk": 1, "fields": {"domain": "cryptohardwarewallet.example.com", "name": "Crypto Hardware Wallet"}}, {"model": "account.emailaddress", "pk": 1, "fields": {"user": 1, "email": "hardwarewalletcrypto@gmail.com", "verified": true, "primary": true}}, {"model": "account.emailaddress", "pk": 3, "fields": {"user": 3, "email": "jonathanvinson5@gmail.com", "verified": false, "primary": true}}, {"model": "products.category", "pk": 1, "fields": {"name": "wallets", "friendly_name": null}}, {"model": "products.category", "pk": 2, "fields": {"name": "accessories", "friendly_name": null}}, {"model": "products.category", "pk": 3, "fields": {"name": "storage", "friendly_name": null}}, {"model": "products.category", "pk": 4, "fields": {"name": "t-shirts", "friendly_name": null}}, {"model": "products.product", "pk": 1, "fields": {"category": 1, "sku": null, "name": "Ledger Nano S", "description": "Secure your assets and explore Web3 with the new Ledger Nano S Plus. Take the iconic Ledger Nano S, then make it Defi and NFT-friendly.", "has_sizes": false, "price": "69.00", "rating": "5.00", "image_url": null, "image": "nano_ladger_s.jpg"}}, {"model": "products.product", "pk": 2, "fields": {"category": 1, "sku": null, "name": "Nano Ledger X", "description": "Secure, buy, exchange, grow your crypto and manage your NFTs with our new Bluetooth-enabled hardware wallet. All your digital assets secured in one place.", "has_sizes": false, "price": "136.00", "rating": "5.00", "image_url": null, "image": "ledger_x.jpeg"}}, {"model": "products.product", "pk": 3, "fields": {"category": 2, "sku": null, "name": "OTG Kit", "description": "A set of 3 different cables to help you connect your hardware wallet to your Android phone or laptop: micro-USB to USB-C, micro-USB to USB-A, and USB-C.", "has_sizes": false, "price": "12.99", "rating": "4.00", "image_url": null, "image": "On-the-Go_Cable_Set.jpg"}}, {"model": "products.product", "pk": 4, "fields": {"category": 1, "sku": null, "name": "Trezor Model T", "description": "The Trezor Model T is an advanced cryptocurrency hardware wallet. Store Bitcoin, passwords, tokens and other keys with confidence.", "has_sizes": false, "price": "210.00", "rating": "4.00", "image_url": null, "image": "trezor_t_model.jpg"}}, {"model": "products.product", "pk": 5, "fields": {"category": 1, "sku": null, "name": "Trezor One Model", "description": "Whether you're new to Bitcoin or already a security expert,\r\nTrezor Model One is the #1 Bitcoin wallet choice for everybody.", "has_sizes": false, "price": "58.32", "rating": "4.00", "image_url": null, "image": "Trezor_Model_One_Black.jpg"}}, {"model": "products.product", "pk": 6, "fields": {"category": 3, "sku": null, "name": "Cryptosteel Capsule Solo", "description": "A solid steel capsule to protect your 24-word Recovery Phrase. Designed to resist extreme conditions.\r\nYour Recovery Phrase is the only backup of your crypto assets. You can now keep it safe with the Cryptosteel Capsule.\r\nAdd an extra layer of security by protecting your backup and experience ultimate resilience.", "has_sizes": false, "price": "89.00", "rating": "5.00", "image_url": null, "image": "crypto_capsule.jpg"}}, {"model": "products.product", "pk": 7, "fields": {"category": 3, "sku": null, "name": "The Billfodl", "description": "Billfodl is a solid steel case to store and protect your 24-word recovery phrase, designed to resist fire, water - and more. Using character tiles, you recreate your recovery phrase in the steel unit, creating an almost indestructible backup.", "has_sizes": false, "price": "84.00", "rating": "5.00", "image_url": null, "image": "Billfodl-1.jpg"}}, {"model": "products.product", "pk": 8, "fields": {"category": 2, "sku": null, "name": "Extended USB-C Cable For Trezor Model T", "description": "Do you need to connect your Trezor to a computer placed under your desk? Then you need this extra long Type-A to Type-C cable for a convenient connection.", "has_sizes": false, "price": "9.99", "rating": "4.00", "image_url": null, "image": "trezor_cable_usb.jpg"}}, {"model": "products.product", "pk": 9, "fields": {"category": 3, "sku": null, "name": "Cryptotag Zeus", "description": "Your 24-word recovery phrase is the only backup to the crypto stored on your Ledger wallet. So it deserves the best protection possible. With CRYPTOTAG, it’s stored on 6mm-thick titanium that’s waterproof, fireproof, corrosion-proof, hackerproof, and bulletproof. Combined with your Ledger device, your crypto has never been safer.", "has_sizes": false, "price": "116.00", "rating": "5.00", "image_url": null, "image": "zeus.jpg"}}, {"model": "products.product", "pk": 10, "fields": {"category": 1, "sku": null, "name": "Family Pack X", "description": "Get your family into crypto: help them secure, manage and grow their assets with a Ledger Nano X.\r\nThis pack contains 3 Ledger Nano X' to introduce your family to the world of cryptocurrencies.\r\n\r\nThis offer is limited to 5 packs per customer.", "has_sizes": false, "price": "367.00", "rating": "5.00", "image_url": null, "image": "family_x_packs.jpg"}}, {"model": "products.product", "pk": 13, "fields": {"category": 4, "sku": null, "name": "X-Factor", "description": "Edge-to-edge front print makes a big, bold, undeniable statement, Regular fit, and soft feel", "has_sizes": true, "price": "25.99", "rating": "5.00", "image_url": null, "image": "factor_Yi54mdW.jpg"}}, {"model": "products.product", "pk": 14, "fields": {"category": 4, "sku": null, "name": "XRP Classic T-shirt", "description": "XRP Network Graphic T-Shirt,  transfer technique prints crisp, vivid colors. Print placement may vary slightly from preview.", "has_sizes": true, "price": "25.99", "rating": null, "image_url": null, "image": "xrp_ib2k08f.jpg"}}, {"model": "products.product", "pk": 15, "fields": {"category": 4, "sku": null, "name": "Wallet T-Shirt", "description": "The standard, traditional t-shirt for everyday wear, Heavyweight 5.3 oz / 180 gsm fabric, solid colors are 100% preshrunk cotton, heather grey is 90% cotton/10% polyester, denim heather is 50% cotton/ 50% polyester", "has_sizes": true, "price": "24.99", "rating": "5.00", "image_url": null, "image": "walletshirt_qwgddAM.jpg"}}, {"model": "products.product", "pk": 16, "fields": {"category": 4, "sku": null, "name": "Digital Wallet T-Shirt", "description": "Double-needle hems and neck band for durability standard, traditional t-shirt for everyday wear", "has_sizes": true, "price": "18.99", "rating": "5.00", "image_url": null, "image": "womens_lsDXNOm.jpg"}}, {"model": "checkout.order", "pk": 1, "fields": {"order_number": "EBDA22F4D3C24B968BD568D4BF558C96", "user_profile": null, "full_name": "test", "email": "hardwarewalletcrypto@gmail.com", "phone_number": "1234567890", "country": "US", "postcode": "12345", "town_or_city": "test", "street_address1": "test", "street_address2": null, "county": "test", "date": "2022-09-11T15:58:33.222Z", "delivery_cost": "0.00", "order_total": "346.00", "grand_total": "346.00", "original_bag": "", "stripe_pid": ""}}, {"model": "checkout.order", "pk": 2, "fields": {"order_number": "853920FAEBB84B7A8E2BD1532E40ACC9", "user_profile": null, "full_name": "test", "email": "hardwarewalletcrypto@gmail.com", "phone_number": "1234567890", "country": "US", "postcode": "12345", "town_or_city": "test", "street_address1": "test", "street_address2": null, "county": "test", "date": "2022-09-11T17:46:16.115Z", "delivery_cost": "0.00", "order_total": "346.00", "grand_total": "346.00", "original_bag": "", "stripe_pid": ""}}, {"model": "checkout.order", "pk": 3, "fields": {"order_number": "FDA6CC288D36453E86B5E4B1D886D101", "user_profile": null, "full_name": "test", "email": "hardwarewalletcrypto@gmail.com", "phone_number": "1234567890", "country": "US", "postcode": "12345", "town_or_city": "test", "street_address1": "test", "street_address2": null, "county": "test", "date": "2022-09-11T18:16:09.300Z", "delivery_cost": "0.00", "order_total": "136.00", "grand_total": "136.00", "original_bag": "", "stripe_pid": ""}}, {"model": "checkout.order", "pk": 4, "fields": {"order_number": "C54EE78D40924CCA8F3A5F6091CAB165", "user_profile": null, "full_name": "test", "email": "hardwarewalletcrypto@gmail.com", "phone_number": "1234567890", "country": "US", "postcode": "12345", "town_or_city": "test", "street_address1": "test", "street_address2": null, "county": "test", "date": "2022-09-11T18:18:04.967Z", "delivery_cost": "0.00", "order_total": "136.00", "grand_total": "136.00", "original_bag": "", "stripe_pid": ""}}, {"model": "checkout.order", "pk": 5, "fields": {"order_number": "C6993ED8D16B41EF8107A2196A1944C4", "user_profile": null, "full_name": "test", "email": "hardwarewalletcrypto@gmail.com", "phone_number": "1234567890", "country": "US", "postcode": "12345", "town_or_city": "test", "street_address1": "test", "street_address2": null, "county": "test", "date": "2022-09-11T18:25:42.285Z", "delivery_cost": "0.00", "order_total": "136.00", "grand_total": "136.00", "original_bag": "", "stripe_pid": ""}}, {"model": "checkout.order", "pk": 6, "fields": {"order_number": "736BFB9E0EA7434FB8666D19B662BD97", "user_profile": null, "full_name": "test", "email": "hardwarewalletcrypto@gmail.com", "phone_number": "1234567890", "country": "US", "postcode": "12345", "town_or_city": "test", "street_address1": "test", "street_address2": null, "county": "test", "date": "2022-09-11T18:34:12.075Z", "delivery_cost": "0.00", "order_total": "136.00", "grand_total": "136.00", "original_bag": "", "stripe_pid": ""}}, {"model": "checkout.order", "pk": 7, "fields": {"order_number": "0E21E66B3A5C454FBF95675D04930739", "user_profile": null, "full_name": "test", "email": "hardwarewalletcrypto@gmail.com", "phone_number": "1234567890", "country": "US", "postcode": "12345", "town_or_city": "test", "street_address1": "test", "street_address2": null, "county": "test", "date": "2022-09-11T18:36:20.792Z", "delivery_cost": "0.00", "order_total": "136.00", "grand_total": "136.00", "original_bag": "", "stripe_pid": ""}}, {"model": "checkout.order", "pk": 8, "fields": {"order_number": "9DDE5C5825004E47BE2B22D284FA33F0", "user_profile": null, "full_name": "test", "email": "hardwarewalletcrypto@gmail.com", "phone_number": "1234567890", "country": "US", "postcode": "12345", "town_or_city": "test", "street_address1": "test", "street_address2": null, "county": "test", "date": "2022-09-11T18:42:15.977Z", "delivery_cost": "0.00", "order_total": "136.00", "grand_total": "136.00", "original_bag": "", "stripe_pid": ""}}, {"model": "checkout.order", "pk": 9, "fields": {"order_number": "4C43B551BD8040FB972A625E4D72BA0E", "user_profile": null, "full_name": "test", "email": "hardwarewalletcrypto@gmail.com", "phone_number": "1234567890", "country": "US", "postcode": "12345", "town_or_city": "test", "street_address1": "test", "street_address2": null, "county": "test", "date": "2022-09-11T18:51:10.806Z", "delivery_cost": "0.00", "order_total": "136.00", "grand_total": "136.00", "original_bag": "", "stripe_pid": ""}}, {"model": "checkout.order", "pk": 10, "fields": {"order_number": "14029B43DA3642849216F365145C4450", "user_profile": null, "full_name": "test", "email": "hardwarewalletcrypto@gmail.com", "phone_number": "1234567890", "country": "US", "postcode": "12345", "town_or_city": "test", "street_address1": "test", "street_address2": null, "county": "test", "date": "2022-09-11T18:54:07.825Z", "delivery_cost": "0.00", "order_total": "136.00", "grand_total": "136.00", "original_bag": "", "stripe_pid": ""}}, {"model": "checkout.order", "pk": 11, "fields": {"order_number": "EE5416A43B7A4DBBB43AA0132B5150A6", "user_profile": null, "full_name": "hello", "email": "hardwarewalletcrypto@gmail.com", "phone_number": "1234567890", "country": "US", "postcode": "12345", "town_or_city": "test", "street_address1": "test", "street_address2": null, "county": "test", "date": "2022-09-11T18:56:26.695Z", "delivery_cost": "1.30", "order_total": "12.99", "grand_total": "14.29", "original_bag": "", "stripe_pid": ""}}, {"model": "checkout.order", "pk": 12, "fields": {"order_number": "B3027E80935D43B5A306C113E8E09164", "user_profile": null, "full_name": "test", "email": "hardwarewalletcrypto@gmail.com", "phone_number": "1234567890", "country": "US", "postcode": "12345", "town_or_city": "test", "street_address1": "test", "street_address2": null, "county": "test", "date": "2022-09-12T20:24:27.273Z", "delivery_cost": "0.00", "order_total": "136.00", "grand_total": "136.00", "original_bag": "", "stripe_pid": ""}}, {"model": "checkout.order", "pk": 13, "fields": {"order_number": "3AE5BA76B74544FBBD55BB885971EC32", "user_profile": null, "full_name": "test", "email": "hardwarewalletcrypto@gmail.com", "phone_number": "1234567890", "country": "US", "postcode": "12345", "town_or_city": "test", "street_address1": "test", "street_address2": null, "county": "test", "date": "2022-09-13T19:58:16.696Z", "delivery_cost": "0.00", "order_total": "272.00", "grand_total": "272.00", "original_bag": "{\"2\": 2}", "stripe_pid": "pi_3LhfEhBO1x3Ln70i1CkCUvzC"}}, {"model": "checkout.order", "pk": 14, "fields": {"order_number": "932C5798D21E4F7D9F898850E79C333F", "user_profile": 1, "full_name": "test", "email": "hardwarewalletcrypto@gmail.com", "phone_number": "1234567890", "country": "US", "postcode": "12345", "town_or_city": "test", "street_address1": "test", "street_address2": null, "county": "test", "date": "2022-09-18T16:02:09.444Z", "delivery_cost": "0.00", "order_total": "136.00", "grand_total": "136.00", "original_bag": "{\"2\": 1}", "stripe_pid": "pi_3LjPuxBO1x3Ln70i1rjg8He6"}}, {"model": "checkout.order", "pk": 15, "fields": {"order_number": "3C741C30736A475CAE53DA9D83B082AC", "user_profile": 1, "full_name": "test", "email": "hardwarewalletcrypto@gmail.com", "phone_number": "1234567890", "country": "US", "postcode": "12345", "town_or_city": "test", "street_address1": "test", "street_address2": null, "county": "test", "date": "2022-09-18T16:55:49.801Z", "delivery_cost": "0.00", "order_total": "136.00", "grand_total": "136.00", "original_bag": "{\"2\": 1}", "stripe_pid": "pi_3LjQmCBO1x3Ln70i1Diyz0Pg"}}, {"model": "checkout.order", "pk": 16, "fields": {"order_number": "18EF4274F38248889A8CBAFC4BD08474", "user_profile": 1, "full_name": "test", "email": "hardwarewalletcrypto@gmail.com", "phone_number": "1234567890", "country": "US", "postcode": "12345", "town_or_city": "test", "street_address1": "test", "street_address2": null, "county": "test", "date": "2022-09-18T17:54:32.496Z", "delivery_cost": "0.00", "order_total": "58.32", "grand_total": "58.32", "original_bag": "{\"5\": {\"items_by_size\": {\"m\": 1}}}", "stripe_pid": "pi_3LjRh1BO1x3Ln70i1qvJYc2k"}}, {"model": "checkout.order", "pk": 17, "fields": {"order_number": "9A211691D212468BB1636460B362D5FF", "user_profile": 1, "full_name": "test", "email": "cryptowallets@example.com", "phone_number": "1234567890", "country": "US", "postcode": "12345", "town_or_city": "test", "street_address1": "test", "street_address2": null, "county": "test", "date": "2022-09-18T17:56:58.832Z", "delivery_cost": "2.60", "order_total": "25.98", "grand_total": "28.58", "original_bag": "{\"3\": {\"items_by_size\": {\"m\": 2}}}", "stripe_pid": "pi_3LjRjMBO1x3Ln70i1wi2uggk"}}, {"model": "checkout.order", "pk": 18, "fields": {"order_number": "6CBABB75E81D479E8D88E6CDA8FD5F7A", "user_profile": 1, "full_name": "test", "email": "cryptowallets@example.com", "phone_number": "1234567890", "country": "US", "postcode": "12345", "town_or_city": "test", "street_address1": "test", "street_address2": null, "county": "test", "date": "2022-09-18T18:06:06.301Z", "delivery_cost": "0.00", "order_total": "116.00", "grand_total": "116.00", "original_bag": "{\"9\": 1}", "stripe_pid": "pi_3LjRs7BO1x3Ln70i1tC5zJvK"}}, {"model": "checkout.order", "pk": 19, "fields": {"order_number": "0D6FBD894B7A487EA22E5102F64F86C6", "user_profile": 1, "full_name": "test", "email": "hardwarewalletcrypto@gmail.com", "phone_number": "1234567890", "country": "US", "postcode": "12345", "town_or_city": "test", "street_address1": "test", "street_address2": null, "county": "test", "date": "2022-09-19T15:41:11.020Z", "delivery_cost": "0.00", "order_total": "136.00", "grand_total": "136.00", "original_bag": "{\"2\": 1}", "stripe_pid": "pi_3Ljm5VBO1x3Ln70i0tlJhY0v"}}, {"model": "checkout.order", "pk": 20, "fields": {"order_number": "6E3D001D30E540C287486C70E0CF664E", "user_profile": null, "full_name": "test", "email": "hardwarewalletcrypto@gmail.com", "phone_number": "1234567890", "country": "US", "postcode": "12345", "town_or_city": "test", "street_address1": "test", "street_address2": null, "county": "test", "date": "2022-09-24T09:01:35.820Z", "delivery_cost": "2.60", "order_total": "25.99", "grand_total": "28.59", "original_bag": "{\"14\": {\"items_by_size\": {\"m\": 1}}}", "stripe_pid": "pi_3LlUD8BO1x3Ln70i1mcgBLRk"}}, {"model": "checkout.orderlineitem", "pk": 1, "fields": {"order": 1, "product": 2, "product_size": null, "quantity": 1, "lineitem_total": "136.00"}}, {"model": "checkout.orderlineitem", "pk": 2, "fields": {"order": 1, "product": 4, "product_size": "m", "quantity": 1, "lineitem_total": "210.00"}}, {"model": "checkout.orderlineitem", "pk": 3, "fields": {"order": 2, "product": 2, "product_size": null, "quantity": 1, "lineitem_total": "136.00"}}, {"model": "checkout.orderlineitem", "pk": 4, "fields": {"order": 2, "product": 4, "product_size": "m", "quantity": 1, "lineitem_total": "210.00"}}, {"model": "checkout.orderlineitem", "pk": 5, "fields": {"order": 3, "product": 2, "product_size": null, "quantity": 1, "lineitem_total": "136.00"}}, {"model": "checkout.orderlineitem", "pk": 6, "fields": {"order": 4, "product": 2, "product_size": null, "quantity": 1, "lineitem_total": "136.00"}}, {"model": "checkout.orderlineitem", "pk": 7, "fields": {"order": 5, "product": 2, "product_size": null, "quantity": 1, "lineitem_total": "136.00"}}, {"model": "checkout.orderlineitem", "pk": 8, "fields": {"order": 6, "product": 2, "product_size": null, "quantity": 1, "lineitem_total": "136.00"}}, {"model": "checkout.orderlineitem", "pk": 9, "fields": {"order": 7, "product": 2, "product_size": null, "quantity": 1, "lineitem_total": "136.00"}}, {"model": "checkout.orderlineitem", "pk": 10, "fields": {"order": 8, "product": 2, "product_size": null, "quantity": 1, "lineitem_total": "136.00"}}, {"model": "checkout.orderlineitem", "pk": 11, "fields": {"order": 9, "product": 2, "product_size": null, "quantity": 1, "lineitem_total": "136.00"}}, {"model": "checkout.orderlineitem", "pk": 12, "fields": {"order": 10, "product": 2, "product_size": null, "quantity": 1, "lineitem_total": "136.00"}}, {"model": "checkout.orderlineitem", "pk": 13, "fields": {"order": 11, "product": 3, "product_size": "m", "quantity": 1, "lineitem_total": "12.99"}}, {"model": "checkout.orderlineitem", "pk": 14, "fields": {"order": 12, "product": 2, "product_size": null, "quantity": 1, "lineitem_total": "136.00"}}, {"model": "checkout.orderlineitem", "pk": 15, "fields": {"order": 13, "product": 2, "product_size": null, "quantity": 2, "lineitem_total": "272.00"}}, {"model": "checkout.orderlineitem", "pk": 16, "fields": {"order": 14, "product": 2, "product_size": null, "quantity": 1, "lineitem_total": "136.00"}}, {"model": "checkout.orderlineitem", "pk": 17, "fields": {"order": 15, "product": 2, "product_size": null, "quantity": 1, "lineitem_total": "136.00"}}, {"model": "checkout.orderlineitem", "pk": 18, "fields": {"order": 16, "product": 5, "product_size": "m", "quantity": 1, "lineitem_total": "58.32"}}, {"model": "checkout.orderlineitem", "pk": 19, "fields": {"order": 17, "product": 3, "product_size": "m", "quantity": 2, "lineitem_total": "25.98"}}, {"model": "checkout.orderlineitem", "pk": 20, "fields": {"order": 18, "product": 9, "product_size": null, "quantity": 1, "lineitem_total": "116.00"}}, {"model": "checkout.orderlineitem", "pk": 21, "fields": {"order": 19, "product": 2, "product_size": null, "quantity": 1, "lineitem_total": "136.00"}}, {"model": "checkout.orderlineitem", "pk": 22, "fields": {"order": 20, "product": 14, "product_size": "m", "quantity": 1, "lineitem_total": "25.99"}}, {"model": "profiles.userprofile", "pk": 1, "fields": {"user": 1, "default_phone_number": "1234567890", "default_street_address1": "test", "default_street_address2": null, "default_town_or_city": "test", "default_county": "test", "default_postcode": "12345", "default_country": "US"}}, {"model": "profiles.userprofile", "pk": 3, "fields": {"user": 3, "default_phone_number": null, "default_street_address1": null, "default_street_address2": null, "default_town_or_city": null, "default_county": null, "default_postcode": null, "default_country": null}}]